{
  "meta": {
    "type": "llf",
    "numberOfLeftoverBytes": 0
  },
  "header": {
    "version": 1.440000057220459,
    "identifier": "DANAE_LLH_FILE",
    "lastUser": "moulinator",
    "time": 1022759025,
    "numberOfShadowPolygons": 0,
    "numberOfIgnoredPolygons": 0,
    "numberOfBackgroundPolygons": 1277
  },
  "lights": [
    {
      "pos": {
        "x": -2071.41357421875,
        "y": -119.99978637695312,
        "z": 7384.4423828125
      },
      "rgb": {
        "r": 0.8156863451004028,
        "g": 0.7215686440467834,
        "b": 0.615686297416687
      },
      "fallstart": 76,
      "fallend": 152,
      "intensity": 2.3899998664855957,
      "i": 0,
      "exFlicker": {
        "r": 0,
        "g": 0,
        "b": 0
      },
      "exRadius": 0,
      "exFrequency": 0.009999999776482582,
      "exSize": 0.10000000149011612,
      "exSpeed": 0,
      "exFlareSize": 0,
      "extras": 0
    },
    {
      "pos": {
        "x": -2352.80126953125,
        "y": -161.99978637695312,
        "z": 7496.1640625
      },
      "rgb": {
        "r": 0.7099999785423279,
        "g": 0.4300000071525574,
        "b": 0.28999999165534973
      },
      "fallstart": 152,
      "fallend": 203,
      "intensity": 2.5299999713897705,
      "i": 0,
      "exFlicker": {
        "r": 0.25,
        "g": 0.25,
        "b": 0.25
      },
      "exRadius": 1,
      "exFrequency": 0.699999988079071,
      "exSize": 0.800000011920929,
      "exSpeed": 0.699999988079071,
      "exFlareSize": 80,
      "extras": 2075
    },
    {
      "pos": {
        "x": -2014.3349609375,
        "y": -89.99978637695312,
        "z": 7050.1728515625
      },
      "rgb": {
        "r": 0.7099999785423279,
        "g": 0.4300000071525574,
        "b": 0.28999999165534973
      },
      "fallstart": 63,
      "fallend": 241,
      "intensity": 2.180000066757202,
      "i": 0,
      "exFlicker": {
        "r": 0.25,
        "g": 0.25,
        "b": 0.25
      },
      "exRadius": 20,
      "exFrequency": 0.7999999523162842,
      "exSize": 1,
      "exSpeed": 0.6499999761581421,
      "exFlareSize": 80,
      "extras": 2075
    },
    {
      "pos": {
        "x": -1924.359375,
        "y": -139.99978637695312,
        "z": 7031.208984375
      },
      "rgb": {
        "r": 0.9372549653053284,
        "g": 0.24705883860588074,
        "b": 0.14509804546833038
      },
      "fallstart": 215,
      "fallend": 241,
      "intensity": 0.3799999952316284,
      "i": 0,
      "exFlicker": {
        "r": 0,
        "g": 0,
        "b": 0
      },
      "exRadius": 0,
      "exFrequency": 0.009999999776482582,
      "exSize": 0.10000000149011612,
      "exSpeed": 0,
      "exFlareSize": 0,
      "extras": 128
    },
    {
      "pos": {
        "x": -1945.767578125,
        "y": -329.9997863769531,
        "z": 7088.611328125
      },
      "rgb": {
        "r": 0.8117647767066956,
        "g": 0.6196078658103943,
        "b": 0.7098039388656616
      },
      "fallstart": 152,
      "fallend": 215,
      "intensity": 1.2300000190734863,
      "i": 0,
      "exFlicker": {
        "r": 0,
        "g": 0,
        "b": 0
      },
      "exRadius": 0,
      "exFrequency": 0.009999999776482582,
      "exSize": 0.10000000149011612,
      "exSpeed": 0,
      "exFlareSize": 0,
      "extras": 0
    },
    {
      "pos": {
        "x": -2081.48486328125,
        "y": -261.9997863769531,
        "z": 7441.9921875
      },
      "rgb": {
        "r": 0.7099999785423279,
        "g": 0.4300000071525574,
        "b": 0.28999999165534973
      },
      "fallstart": 25,
      "fallend": 89,
      "intensity": 0.3499999940395355,
      "i": 0,
      "exFlicker": {
        "r": 0.25,
        "g": 0.25,
        "b": 0.25
      },
      "exRadius": 1,
      "exFrequency": 0.699999988079071,
      "exSize": 0.30000001192092896,
      "exSpeed": 0.699999988079071,
      "exFlareSize": 80,
      "extras": 2075
    },
    {
      "pos": {
        "x": -2016.46337890625,
        "y": -263.9997863769531,
        "z": 7377.5830078125
      },
      "rgb": {
        "r": 0.7099999785423279,
        "g": 0.4300000071525574,
        "b": 0.28999999165534973
      },
      "fallstart": 25,
      "fallend": 63,
      "intensity": 0.12999999523162842,
      "i": 0,
      "exFlicker": {
        "r": 0.25,
        "g": 0.25,
        "b": 0.25
      },
      "exRadius": 1,
      "exFrequency": 0.699999988079071,
      "exSize": 0.30000001192092896,
      "exSpeed": 0.699999988079071,
      "exFlareSize": 80,
      "extras": 2075
    },
    {
      "pos": {
        "x": -2151.24658203125,
        "y": -269.9997863769531,
        "z": 7380.1923828125
      },
      "rgb": {
        "r": 0.7099999785423279,
        "g": 0.4300000071525574,
        "b": 0.28999999165534973
      },
      "fallstart": 13,
      "fallend": 89,
      "intensity": 0.3199999928474426,
      "i": 0,
      "exFlicker": {
        "r": 0.25,
        "g": 0.25,
        "b": 0.25
      },
      "exRadius": 1,
      "exFrequency": 0.699999988079071,
      "exSize": 0.30000001192092896,
      "exSpeed": 0.699999988079071,
      "exFlareSize": 80,
      "extras": 2075
    },
    {
      "pos": {
        "x": -2080.65869140625,
        "y": -259.9997863769531,
        "z": 7321.88671875
      },
      "rgb": {
        "r": 0.7099999785423279,
        "g": 0.4300000071525574,
        "b": 0.28999999165534973
      },
      "fallstart": 38,
      "fallend": 101,
      "intensity": 0.3199999928474426,
      "i": 0,
      "exFlicker": {
        "r": 0.25,
        "g": 0.25,
        "b": 0.25
      },
      "exRadius": 1,
      "exFrequency": 0.699999988079071,
      "exSize": 0.30000001192092896,
      "exSpeed": 0.699999988079071,
      "exFlareSize": 80,
      "extras": 2075
    },
    {
      "pos": {
        "x": -2078.21923828125,
        "y": -189.99978637695312,
        "z": 7484.927734375
      },
      "rgb": {
        "r": 0.7098039388656616,
        "g": 0.5137255191802979,
        "b": 0.29019609093666077
      },
      "fallstart": 316,
      "fallend": 316,
      "intensity": 0.8199999928474426,
      "i": 0,
      "exFlicker": {
        "r": 0,
        "g": 0,
        "b": 0
      },
      "exRadius": 0,
      "exFrequency": 0.009999999776482582,
      "exSize": 0.10000000149011612,
      "exSpeed": 0,
      "exFlareSize": 0,
      "extras": 128
    },
    {
      "pos": {
        "x": -2118.796875,
        "y": -144.99978637695312,
        "z": 7312.9716796875
      },
      "rgb": {
        "r": 0.7099999785423279,
        "g": 0.4300000071525574,
        "b": 0.28999999165534973
      },
      "fallstart": 250,
      "fallend": 250,
      "intensity": 1.2699999809265137,
      "i": 0,
      "exFlicker": {
        "r": 0.25,
        "g": 0.25,
        "b": 0.25
      },
      "exRadius": 1,
      "exFrequency": 0.699999988079071,
      "exSize": 0.800000011920929,
      "exSpeed": 0.699999988079071,
      "exFlareSize": 40,
      "extras": 2048
    }
  ],
  "colors": [
    {
      "b": 250,
      "g": 250,
      "r": 250,
      "a": 255
    },
    {
      "b": 250,
      "g": 250,
      "r": 250,
      "a": 255
    },
    {
      "b": 250,
      "g": 250,
      "r": 250,
      "a": 255
    },
    {
      "b": 250,
      "g": 250,
      "r": 250,
      "a": 255
    },
    {
      "b": 250,
      "g": 250,
      "r": 250,
      "a": 255
    },
    {
      "b": 250,
      "g": 250,
      "r": 250,
      "a": 255
    },
    {
      "b": 250,
      "g": 250,
      "r": 250,
      "a": 255
    },
    {
      "b": 250,
      "g": 250,
      "r": 250,
      "a": 255
    },
    {
      "b": 250,
      "g": 250,
      "r": 250,
      "a": 255
    },
    {
      "b": 250,
      "g": 250,
      "r": 250,
      "a": 255
    },
    {
      "b": 250,
      "g": 250,
      "r": 250,
      "a": 255
    },
    {
      "b": 250,
      "g": 250,
      "r": 250,
      "a": 255
    },
    {
      "b": 250,
      "g": 250,
      "r": 250,
      "a": 255
    },
    {
      "b": 250,
      "g": 250,
      "r": 250,
      "a": 255
    },
    {
      "b": 250,
      "g": 250,
      "r": 250,
      "a": 255
    },
    {
      "b": 250,
      "g": 250,
      "r": 250,
      "a": 255
    },
    {
      "b": 250,
      "g": 250,
      "r": 250,
      "a": 255
    },
    {
      "b": 250,
      "g": 250,
      "r": 250,
      "a": 255
    },
    {
      "b": 250,
      "g": 250,
      "r": 250,
      "a": 255
    },
    {
      "b": 250,
      "g": 250,
      "r": 250,
      "a": 255
    },
    {
      "b": 250,
      "g": 250,
      "r": 250,
      "a": 255
    },
    {
      "b": 250,
      "g": 250,
      "r": 250,
      "a": 255
    },
    {
      "b": 250,
      "g": 250,
      "r": 250,
      "a": 255
    },
    {
      "b": 250,
      "g": 250,
      "r": 250,
      "a": 255
    },
    {
      "b": 250,
      "g": 250,
      "r": 250,
      "a": 255
    },
    {
      "b": 250,
      "g": 250,
      "r": 250,
      "a": 255
    },
    {
      "b": 250,
      "g": 250,
      "r": 250,
      "a": 255
    },
    {
      "b": 250,
      "g": 250,
      "r": 250,
      "a": 255
    },
    {
      "b": 250,
      "g": 250,
      "r": 250,
      "a": 255
    },
    {
      "b": 250,
      "g": 250,
      "r": 250,
      "a": 255
    },
    {
      "b": 250,
      "g": 250,
      "r": 250,
      "a": 255
    },
    {
      "b": 250,
      "g": 250,
      "r": 250,
      "a": 255
    },
    {
      "b": 250,
      "g": 250,
      "r": 250,
      "a": 255
    },
    {
      "b": 250,
      "g": 250,
      "r": 250,
      "a": 255
    },
    {
      "b": 250,
      "g": 250,
      "r": 250,
      "a": 255
    },
    {
      "b": 250,
      "g": 250,
      "r": 250,
      "a": 255
    },
    {
      "b": 250,
      "g": 250,
      "r": 250,
      "a": 255
    },
    {
      "b": 250,
      "g": 250,
      "r": 250,
      "a": 255
    },
    {
      "b": 250,
      "g": 250,
      "r": 250,
      "a": 255
    },
    {
      "b": 250,
      "g": 250,
      "r": 250,
      "a": 255
    },
    {
      "b": 250,
      "g": 250,
      "r": 250,
      "a": 255
    },
    {
      "b": 250,
      "g": 250,
      "r": 250,
      "a": 255
    },
    {
      "b": 250,
      "g": 250,
      "r": 250,
      "a": 255
    },
    {
      "b": 250,
      "g": 250,
      "r": 250,
      "a": 255
    },
    {
      "b": 250,
      "g": 250,
      "r": 250,
      "a": 255
    },
    {
      "b": 250,
      "g": 250,
      "r": 250,
      "a": 255
    },
    {
      "b": 250,
      "g": 250,
      "r": 250,
      "a": 255
    },
    {
      "b": 250,
      "g": 250,
      "r": 250,
      "a": 255
    },
    {
      "b": 250,
      "g": 250,
      "r": 250,
      "a": 255
    },
    {
      "b": 250,
      "g": 250,
      "r": 250,
      "a": 255
    },
    {
      "b": 250,
      "g": 250,
      "r": 250,
      "a": 255
    },
    {
      "b": 250,
      "g": 250,
      "r": 250,
      "a": 255
    },
    {
      "b": 250,
      "g": 250,
      "r": 250,
      "a": 255
    },
    {
      "b": 250,
      "g": 250,
      "r": 250,
      "a": 255
    },
    {
      "b": 250,
      "g": 250,
      "r": 250,
      "a": 255
    },
    {
      "b": 250,
      "g": 250,
      "r": 250,
      "a": 255
    },
    {
      "b": 250,
      "g": 250,
      "r": 250,
      "a": 255
    },
    {
      "b": 250,
      "g": 250,
      "r": 250,
      "a": 255
    },
    {
      "b": 250,
      "g": 250,
      "r": 250,
      "a": 255
    },
    {
      "b": 250,
      "g": 250,
      "r": 250,
      "a": 255
    },
    {
      "b": 250,
      "g": 250,
      "r": 250,
      "a": 255
    },
    {
      "b": 250,
      "g": 250,
      "r": 250,
      "a": 255
    },
    {
      "b": 250,
      "g": 250,
      "r": 250,
      "a": 255
    },
    {
      "b": 250,
      "g": 250,
      "r": 250,
      "a": 255
    },
    {
      "b": 250,
      "g": 250,
      "r": 250,
      "a": 255
    },
    {
      "b": 250,
      "g": 250,
      "r": 250,
      "a": 255
    },
    {
      "b": 250,
      "g": 250,
      "r": 250,
      "a": 255
    },
    {
      "b": 250,
      "g": 250,
      "r": 250,
      "a": 255
    },
    {
      "b": 250,
      "g": 250,
      "r": 250,
      "a": 255
    },
    {
      "b": 250,
      "g": 250,
      "r": 250,
      "a": 255
    },
    {
      "b": 250,
      "g": 250,
      "r": 250,
      "a": 255
    },
    {
      "b": 250,
      "g": 250,
      "r": 250,
      "a": 255
    },
    {
      "b": 250,
      "g": 250,
      "r": 250,
      "a": 255
    },
    {
      "b": 250,
      "g": 250,
      "r": 250,
      "a": 255
    },
    {
      "b": 250,
      "g": 250,
      "r": 250,
      "a": 255
    },
    {
      "b": 250,
      "g": 250,
      "r": 250,
      "a": 255
    },
    {
      "b": 250,
      "g": 250,
      "r": 250,
      "a": 255
    },
    {
      "b": 250,
      "g": 250,
      "r": 250,
      "a": 255
    },
    {
      "b": 250,
      "g": 250,
      "r": 250,
      "a": 255
    },
    {
      "b": 250,
      "g": 250,
      "r": 250,
      "a": 255
    },
    {
      "b": 250,
      "g": 250,
      "r": 250,
      "a": 255
    },
    {
      "b": 250,
      "g": 250,
      "r": 250,
      "a": 255
    },
    {
      "b": 250,
      "g": 250,
      "r": 250,
      "a": 255
    },
    {
      "b": 250,
      "g": 250,
      "r": 250,
      "a": 255
    },
    {
      "b": 250,
      "g": 250,
      "r": 250,
      "a": 255
    },
    {
      "b": 250,
      "g": 250,
      "r": 250,
      "a": 255
    },
    {
      "b": 250,
      "g": 250,
      "r": 250,
      "a": 255
    },
    {
      "b": 250,
      "g": 250,
      "r": 250,
      "a": 255
    },
    {
      "b": 250,
      "g": 250,
      "r": 250,
      "a": 255
    },
    {
      "b": 250,
      "g": 250,
      "r": 250,
      "a": 255
    },
    {
      "b": 250,
      "g": 250,
      "r": 250,
      "a": 255
    },
    {
      "b": 250,
      "g": 250,
      "r": 250,
      "a": 255
    },
    {
      "b": 250,
      "g": 250,
      "r": 250,
      "a": 255
    },
    {
      "b": 250,
      "g": 250,
      "r": 250,
      "a": 255
    },
    {
      "b": 250,
      "g": 250,
      "r": 250,
      "a": 255
    },
    {
      "b": 250,
      "g": 250,
      "r": 250,
      "a": 255
    },
    {
      "b": 250,
      "g": 250,
      "r": 250,
      "a": 255
    },
    {
      "b": 250,
      "g": 250,
      "r": 250,
      "a": 255
    },
    {
      "b": 250,
      "g": 250,
      "r": 250,
      "a": 255
    },
    {
      "b": 250,
      "g": 250,
      "r": 250,
      "a": 255
    },
    {
      "b": 250,
      "g": 250,
      "r": 250,
      "a": 255
    },
    {
      "b": 250,
      "g": 250,
      "r": 250,
      "a": 255
    },
    {
      "b": 250,
      "g": 250,
      "r": 250,
      "a": 255
    },
    {
      "b": 250,
      "g": 250,
      "r": 250,
      "a": 255
    },
    {
      "b": 250,
      "g": 250,
      "r": 250,
      "a": 255
    },
    {
      "b": 250,
      "g": 250,
      "r": 250,
      "a": 255
    },
    {
      "b": 250,
      "g": 250,
      "r": 250,
      "a": 255
    },
    {
      "b": 250,
      "g": 250,
      "r": 250,
      "a": 255
    },
    {
      "b": 250,
      "g": 250,
      "r": 250,
      "a": 255
    },
    {
      "b": 250,
      "g": 250,
      "r": 250,
      "a": 255
    },
    {
      "b": 250,
      "g": 250,
      "r": 250,
      "a": 255
    },
    {
      "b": 250,
      "g": 250,
      "r": 250,
      "a": 255
    },
    {
      "b": 250,
      "g": 250,
      "r": 250,
      "a": 255
    },
    {
      "b": 250,
      "g": 250,
      "r": 250,
      "a": 255
    },
    {
      "b": 250,
      "g": 250,
      "r": 250,
      "a": 255
    },
    {
      "b": 250,
      "g": 250,
      "r": 250,
      "a": 255
    },
    {
      "b": 250,
      "g": 250,
      "r": 250,
      "a": 255
    },
    {
      "b": 250,
      "g": 250,
      "r": 250,
      "a": 255
    },
    {
      "b": 250,
      "g": 250,
      "r": 250,
      "a": 255
    },
    {
      "b": 250,
      "g": 250,
      "r": 250,
      "a": 255
    },
    {
      "b": 250,
      "g": 250,
      "r": 250,
      "a": 255
    },
    {
      "b": 250,
      "g": 250,
      "r": 250,
      "a": 255
    },
    {
      "b": 250,
      "g": 250,
      "r": 250,
      "a": 255
    },
    {
      "b": 250,
      "g": 250,
      "r": 250,
      "a": 255
    },
    {
      "b": 250,
      "g": 250,
      "r": 250,
      "a": 255
    },
    {
      "b": 250,
      "g": 250,
      "r": 250,
      "a": 255
    },
    {
      "b": 250,
      "g": 250,
      "r": 250,
      "a": 255
    },
    {
      "b": 250,
      "g": 250,
      "r": 250,
      "a": 255
    },
    {
      "b": 250,
      "g": 250,
      "r": 250,
      "a": 255
    },
    {
      "b": 250,
      "g": 250,
      "r": 250,
      "a": 255
    },
    {
      "b": 250,
      "g": 250,
      "r": 250,
      "a": 255
    },
    {
      "b": 250,
      "g": 250,
      "r": 250,
      "a": 255
    },
    {
      "b": 250,
      "g": 250,
      "r": 250,
      "a": 255
    },
    {
      "b": 250,
      "g": 250,
      "r": 250,
      "a": 255
    },
    {
      "b": 250,
      "g": 250,
      "r": 250,
      "a": 255
    },
    {
      "b": 250,
      "g": 250,
      "r": 250,
      "a": 255
    },
    {
      "b": 250,
      "g": 250,
      "r": 250,
      "a": 255
    },
    {
      "b": 250,
      "g": 250,
      "r": 250,
      "a": 255
    },
    {
      "b": 250,
      "g": 250,
      "r": 250,
      "a": 255
    },
    {
      "b": 250,
      "g": 250,
      "r": 250,
      "a": 255
    },
    {
      "b": 250,
      "g": 250,
      "r": 250,
      "a": 255
    },
    {
      "b": 250,
      "g": 250,
      "r": 250,
      "a": 255
    },
    {
      "b": 250,
      "g": 250,
      "r": 250,
      "a": 255
    },
    {
      "b": 250,
      "g": 250,
      "r": 250,
      "a": 255
    },
    {
      "b": 250,
      "g": 250,
      "r": 250,
      "a": 255
    },
    {
      "b": 250,
      "g": 250,
      "r": 250,
      "a": 255
    },
    {
      "b": 250,
      "g": 250,
      "r": 250,
      "a": 255
    },
    {
      "b": 250,
      "g": 250,
      "r": 250,
      "a": 255
    },
    {
      "b": 250,
      "g": 250,
      "r": 250,
      "a": 255
    },
    {
      "b": 250,
      "g": 250,
      "r": 250,
      "a": 255
    },
    {
      "b": 250,
      "g": 250,
      "r": 250,
      "a": 255
    },
    {
      "b": 250,
      "g": 250,
      "r": 250,
      "a": 255
    },
    {
      "b": 250,
      "g": 250,
      "r": 250,
      "a": 255
    },
    {
      "b": 250,
      "g": 250,
      "r": 250,
      "a": 255
    },
    {
      "b": 250,
      "g": 250,
      "r": 250,
      "a": 255
    },
    {
      "b": 250,
      "g": 250,
      "r": 250,
      "a": 255
    },
    {
      "b": 250,
      "g": 250,
      "r": 250,
      "a": 255
    },
    {
      "b": 250,
      "g": 250,
      "r": 250,
      "a": 255
    },
    {
      "b": 250,
      "g": 250,
      "r": 250,
      "a": 255
    },
    {
      "b": 250,
      "g": 250,
      "r": 250,
      "a": 255
    },
    {
      "b": 250,
      "g": 250,
      "r": 250,
      "a": 255
    },
    {
      "b": 250,
      "g": 250,
      "r": 250,
      "a": 255
    },
    {
      "b": 250,
      "g": 250,
      "r": 250,
      "a": 255
    },
    {
      "b": 250,
      "g": 250,
      "r": 250,
      "a": 255
    },
    {
      "b": 250,
      "g": 250,
      "r": 250,
      "a": 255
    },
    {
      "b": 250,
      "g": 250,
      "r": 250,
      "a": 255
    },
    {
      "b": 250,
      "g": 250,
      "r": 250,
      "a": 255
    },
    {
      "b": 250,
      "g": 250,
      "r": 250,
      "a": 255
    },
    {
      "b": 250,
      "g": 250,
      "r": 250,
      "a": 255
    },
    {
      "b": 250,
      "g": 250,
      "r": 250,
      "a": 255
    },
    {
      "b": 250,
      "g": 250,
      "r": 250,
      "a": 255
    },
    {
      "b": 250,
      "g": 250,
      "r": 250,
      "a": 255
    },
    {
      "b": 250,
      "g": 250,
      "r": 250,
      "a": 255
    },
    {
      "b": 250,
      "g": 250,
      "r": 250,
      "a": 255
    },
    {
      "b": 250,
      "g": 250,
      "r": 250,
      "a": 255
    },
    {
      "b": 250,
      "g": 250,
      "r": 250,
      "a": 255
    },
    {
      "b": 250,
      "g": 250,
      "r": 250,
      "a": 255
    },
    {
      "b": 250,
      "g": 250,
      "r": 250,
      "a": 255
    },
    {
      "b": 250,
      "g": 250,
      "r": 250,
      "a": 255
    },
    {
      "b": 250,
      "g": 250,
      "r": 250,
      "a": 255
    },
    {
      "b": 250,
      "g": 250,
      "r": 250,
      "a": 255
    },
    {
      "b": 250,
      "g": 250,
      "r": 250,
      "a": 255
    },
    {
      "b": 250,
      "g": 250,
      "r": 250,
      "a": 255
    },
    {
      "b": 250,
      "g": 250,
      "r": 250,
      "a": 255
    },
    {
      "b": 250,
      "g": 250,
      "r": 250,
      "a": 255
    },
    {
      "b": 250,
      "g": 250,
      "r": 250,
      "a": 255
    },
    {
      "b": 250,
      "g": 250,
      "r": 250,
      "a": 255
    },
    {
      "b": 250,
      "g": 250,
      "r": 250,
      "a": 255
    },
    {
      "b": 250,
      "g": 250,
      "r": 250,
      "a": 255
    },
    {
      "b": 250,
      "g": 250,
      "r": 250,
      "a": 255
    },
    {
      "b": 250,
      "g": 250,
      "r": 250,
      "a": 255
    },
    {
      "b": 250,
      "g": 250,
      "r": 250,
      "a": 255
    },
    {
      "b": 250,
      "g": 250,
      "r": 250,
      "a": 255
    },
    {
      "b": 250,
      "g": 250,
      "r": 250,
      "a": 255
    },
    {
      "b": 250,
      "g": 250,
      "r": 250,
      "a": 255
    },
    {
      "b": 250,
      "g": 250,
      "r": 250,
      "a": 255
    },
    {
      "b": 250,
      "g": 250,
      "r": 250,
      "a": 255
    },
    {
      "b": 250,
      "g": 250,
      "r": 250,
      "a": 255
    },
    {
      "b": 250,
      "g": 250,
      "r": 250,
      "a": 255
    },
    {
      "b": 250,
      "g": 250,
      "r": 250,
      "a": 255
    },
    {
      "b": 250,
      "g": 250,
      "r": 250,
      "a": 255
    },
    {
      "b": 250,
      "g": 250,
      "r": 250,
      "a": 255
    },
    {
      "b": 250,
      "g": 250,
      "r": 250,
      "a": 255
    },
    {
      "b": 250,
      "g": 250,
      "r": 250,
      "a": 255
    },
    {
      "b": 250,
      "g": 250,
      "r": 250,
      "a": 255
    },
    {
      "b": 250,
      "g": 250,
      "r": 250,
      "a": 255
    },
    {
      "b": 250,
      "g": 250,
      "r": 250,
      "a": 255
    },
    {
      "b": 250,
      "g": 250,
      "r": 250,
      "a": 255
    },
    {
      "b": 250,
      "g": 250,
      "r": 250,
      "a": 255
    },
    {
      "b": 250,
      "g": 250,
      "r": 250,
      "a": 255
    },
    {
      "b": 250,
      "g": 250,
      "r": 250,
      "a": 255
    },
    {
      "b": 250,
      "g": 250,
      "r": 250,
      "a": 255
    },
    {
      "b": 250,
      "g": 250,
      "r": 250,
      "a": 255
    },
    {
      "b": 250,
      "g": 250,
      "r": 250,
      "a": 255
    },
    {
      "b": 250,
      "g": 250,
      "r": 250,
      "a": 255
    },
    {
      "b": 250,
      "g": 250,
      "r": 250,
      "a": 255
    },
    {
      "b": 250,
      "g": 250,
      "r": 250,
      "a": 255
    },
    {
      "b": 250,
      "g": 250,
      "r": 250,
      "a": 255
    },
    {
      "b": 250,
      "g": 250,
      "r": 250,
      "a": 255
    },
    {
      "b": 250,
      "g": 250,
      "r": 250,
      "a": 255
    },
    {
      "b": 250,
      "g": 250,
      "r": 250,
      "a": 255
    },
    {
      "b": 250,
      "g": 250,
      "r": 250,
      "a": 255
    },
    {
      "b": 250,
      "g": 250,
      "r": 250,
      "a": 255
    },
    {
      "b": 250,
      "g": 250,
      "r": 250,
      "a": 255
    },
    {
      "b": 250,
      "g": 250,
      "r": 250,
      "a": 255
    },
    {
      "b": 250,
      "g": 250,
      "r": 250,
      "a": 255
    },
    {
      "b": 250,
      "g": 250,
      "r": 250,
      "a": 255
    },
    {
      "b": 250,
      "g": 250,
      "r": 250,
      "a": 255
    },
    {
      "b": 250,
      "g": 250,
      "r": 250,
      "a": 255
    },
    {
      "b": 250,
      "g": 250,
      "r": 250,
      "a": 255
    },
    {
      "b": 250,
      "g": 250,
      "r": 250,
      "a": 255
    },
    {
      "b": 250,
      "g": 250,
      "r": 250,
      "a": 255
    },
    {
      "b": 250,
      "g": 250,
      "r": 250,
      "a": 255
    },
    {
      "b": 250,
      "g": 250,
      "r": 250,
      "a": 255
    },
    {
      "b": 250,
      "g": 250,
      "r": 250,
      "a": 255
    },
    {
      "b": 250,
      "g": 250,
      "r": 250,
      "a": 255
    },
    {
      "b": 250,
      "g": 250,
      "r": 250,
      "a": 255
    },
    {
      "b": 250,
      "g": 250,
      "r": 250,
      "a": 255
    },
    {
      "b": 250,
      "g": 250,
      "r": 250,
      "a": 255
    },
    {
      "b": 250,
      "g": 250,
      "r": 250,
      "a": 255
    },
    {
      "b": 250,
      "g": 250,
      "r": 250,
      "a": 255
    },
    {
      "b": 250,
      "g": 250,
      "r": 250,
      "a": 255
    },
    {
      "b": 250,
      "g": 250,
      "r": 250,
      "a": 255
    },
    {
      "b": 250,
      "g": 250,
      "r": 250,
      "a": 255
    },
    {
      "b": 250,
      "g": 250,
      "r": 250,
      "a": 255
    },
    {
      "b": 250,
      "g": 250,
      "r": 250,
      "a": 255
    },
    {
      "b": 250,
      "g": 250,
      "r": 250,
      "a": 255
    },
    {
      "b": 250,
      "g": 250,
      "r": 250,
      "a": 255
    },
    {
      "b": 250,
      "g": 250,
      "r": 250,
      "a": 255
    },
    {
      "b": 250,
      "g": 250,
      "r": 250,
      "a": 255
    },
    {
      "b": 250,
      "g": 250,
      "r": 250,
      "a": 255
    },
    {
      "b": 250,
      "g": 250,
      "r": 250,
      "a": 255
    },
    {
      "b": 250,
      "g": 250,
      "r": 250,
      "a": 255
    },
    {
      "b": 250,
      "g": 250,
      "r": 250,
      "a": 255
    },
    {
      "b": 250,
      "g": 250,
      "r": 250,
      "a": 255
    },
    {
      "b": 250,
      "g": 250,
      "r": 250,
      "a": 255
    },
    {
      "b": 250,
      "g": 250,
      "r": 250,
      "a": 255
    },
    {
      "b": 250,
      "g": 250,
      "r": 250,
      "a": 255
    },
    {
      "b": 250,
      "g": 250,
      "r": 250,
      "a": 255
    },
    {
      "b": 250,
      "g": 250,
      "r": 250,
      "a": 255
    },
    {
      "b": 250,
      "g": 250,
      "r": 250,
      "a": 255
    },
    {
      "b": 250,
      "g": 250,
      "r": 250,
      "a": 255
    },
    {
      "b": 250,
      "g": 250,
      "r": 250,
      "a": 255
    },
    {
      "b": 250,
      "g": 250,
      "r": 250,
      "a": 255
    }
  ]
}